IdVenda,Data,Mês,Nome do Mês,Ano,Produto,Quantidade,PreçoUnitario,StatusPagamento
1001,2023-01-03,1,Janeiro,2023,IPHONE 13,2,459990,Aprovado
1002,2023-01-05,1,Janeiro,2023,SAMSUNG GALAXY S21,1,319900,Pendente
1003,2023-01-07,1,Janeiro,2023,NOTEBOOK DELL INSPIRON,1,429900,Aprovado
1004,2023-01-10,1,Janeiro,2023,IPHONE 13,3,459990,Cancelado
1005,2023-01-12,1,Janeiro,2023,HEADPHONE SONY WH-1000XM4,2,149900,Aprovado
1006,2023-01-15,1,Janeiro,2023,IPAD PRO,1,799900,Aprovado
1007,2023-01-18,1,Janeiro,2023,SAMSUNG GALAXY S21,1,319900,Pendente
1008,2023-01-20,1,Janeiro,2023,MOUSE LOGITECH MX MASTER,4,69900,Aprovado
1009,2023-01-22,1,Janeiro,2023,NOTEBOOK DELL INSPIRON,2,429900,Aprovado
1010,2023-01-25,1,Janeiro,2023,TECLADO MECÂNICO REDRAGON,1,39900,Cancelado
1011,2023-01-28,1,Janeiro,2023,IPHONE 13,1,459990,Aprovado
1012,2023-02-01,2,Fevereiro,2023,"MONITOR LG 27""",3,189900,Aprovado
1013,2023-02-04,2,Fevereiro,2023,HEADPHONE SONY WH-1000XM4,1,149900,Pendente
1014,2023-02-06,2,Fevereiro,2023,SSD KINGSTON 1TB,2,34900,Aprovado
1015,2023-02-08,2,Fevereiro,2023,IPAD PRO,2,799900,Aprovado
1016,2023-02-11,2,Fevereiro,2023,WEBCAM LOGITECH C920,5,79900,Aprovado
1017,2023-02-14,2,Fevereiro,2023,IPHONE 13,1,459990,Cancelado
1018,2023-02-15,2,Fevereiro,2023,NOTEBOOK DELL INSPIRON,2,429900,Aprovado
1019,2023-02-18,2,Fevereiro,2023,FONTE CORSAIR 650W,2,59900,Pendente
1020,2023-02-20,2,Fevereiro,2023,MOUSE LOGITECH MX MASTER,3,69900,Aprovado
1021,2023-02-22,2,Fevereiro,2023,SAMSUNG GALAXY S21,1,319900,Aprovado
1022,2023-02-25,2,Fevereiro,2023,PLACA DE VIDEO RTX 3060,1,289900,Aprovado
1023,2023-03-01,3,Março,2023,IPAD PRO,2,799900,Cancelado
1024,2023-03-03,3,Março,2023,TECLADO MECÂNICO REDRAGON,4,39900,Aprovado
1025,2023-03-06,3,Março,2023,SSD KINGSTON 1TB,1,34900,Aprovado
1026,2023-03-09,3,Março,2023,IPHONE 13,1,459990,Pendente
1027,2023-03-11,3,Março,2023,NOTEBOOK DELL INSPIRON,2,429900,Aprovado
1028,2023-03-14,3,Março,2023,HEADPHONE SONY WH-1000XM4,1,149900,Aprovado
1029,2023-03-17,3,Março,2023,"MONITOR LG 27""",3,189900,Aprovado
1030,2023-03-20,3,Março,2023,SAMSUNG GALAXY S21,2,319900,Cancelado
1031,2023-03-23,3,Março,2023,WEBCAM LOGITECH C920,2,79900,Aprovado
1032,2023-03-26,3,Março,2023,PLACA DE VIDEO RTX 3060,1,289900,Aprovado
1033,2023-03-28,3,Março,2023,IPAD PRO,2,799900,Aprovado
1034,2023-04-01,4,Abril,2023,FONTE CORSAIR 650W,3,59900,Pendente
1035,2023-04-04,4,Abril,2023,IPHONE 13,1,459990,Aprovado
1036,2023-04-06,4,Abril,2023,MOUSE LOGITECH MX MASTER,2,69900,Aprovado
1037,2023-04-09,4,Abril,2023,NOTEBOOK DELL INSPIRON,2,429900,Aprovado
1038,2023-04-12,4,Abril,2023,TECLADO MECÂNICO REDRAGON,5,39900,Cancelado
1039,2023-04-14,4,Abril,2023,SSD KINGSTON 1TB,1,34900,Aprovado
1040,2023-04-17,4,Abril,2023,SAMSUNG GALAXY S21,2,319900,Aprovado
1041,2023-04-20,4,Abril,2023,HEADPHONE SONY WH-1000XM4,1,149900,Pendente
1042,2023-04-22,4,Abril,2023,"MONITOR LG 27""",1,189900,Aprovado
1043,2023-04-25,4,Abril,2023,IPAD PRO,3,799900,Aprovado
1044,2023-04-28,4,Abril,2023,WEBCAM LOGITECH C920,2,79900,Aprovado
1045,2023-04-30,4,Abril,2023,PLACA DE VIDEO RTX 3060,1,289900,Cancelado
1046,2023-05-03,5,Maio,2023,IPHONE 13,4,459990,Aprovado
1047,2023-05-06,5,Maio,2023,FONTE CORSAIR 650W,2,59900,Aprovado
1048,2023-05-08,5,Maio,2023,NOTEBOOK DELL INSPIRON,2,429900,Pendente
1049,2023-05-11,5,Maio,2023,MOUSE LOGITECH MX MASTER,1,69900,Aprovado
1050,2023-05-14,5,Maio,2023,SSD KINGSTON 1TB,3,34900,Aprovado
1051,2023-05-16,5,Maio,2023,SAMSUNG GALAXY S21,2,319900,Aprovado
1052,2023-05-19,5,Maio,2023,TECLADO MECÂNICO REDRAGON,1,39900,Cancelado
1053,2023-05-22,5,Maio,2023,IPAD PRO,2,799900,Aprovado
1054,2023-05-24,5,Maio,2023,HEADPHONE SONY WH-1000XM4,1,149900,Aprovado
1055,2023-05-27,5,Maio,2023,"MONITOR LG 27""",2,189900,Aprovado
1056,2023-05-30,5,Maio,2023,IPHONE 13,1,459990,Aprovado
1057,2023-06-01,6,Junho,2023,PLACA DE VIDEO RTX 3060,1,289900,Pendente
1058,2023-06-04,6,Junho,2023,WEBCAM LOGITECH C920,3,79900,Aprovado
1059,2023-06-07,6,Junho,2023,SAMSUNG GALAXY S21,2,319900,Aprovado
1060,2023-06-09,6,Junho,2023,FONTE CORSAIR 650W,1,59900,Cancelado
1061,2023-06-12,6,Junho,2023,NOTEBOOK DELL INSPIRON,4,429900,Aprovado
1062,2023-06-15,6,Junho,2023,MOUSE LOGITECH MX MASTER,2,69900,Aprovado
1063,2023-06-17,6,Junho,2023,IPHONE 13,2,459990,Aprovado
1064,2023-06-20,6,Junho,2023,SSD KINGSTON 1TB,1,34900,Pendente
1065,2023-06-23,6,Junho,2023,IPAD PRO,3,799900,Aprovado
1066,2023-06-25,6,Junho,2023,TECLADO MECÂNICO REDRAGON,2,39900,Aprovado
1067,2023-06-28,6,Junho,2023,HEADPHONE SONY WH-1000XM4,1,149900,Cancelado
1068,2023-07-01,7,Julho,2023,SAMSUNG GALAXY S21,1,319900,Aprovado
1069,2023-07-03,7,Julho,2023,"MONITOR LG 27""",2,189900,Aprovado
1070,2023-07-06,7,Julho,2023,PLACA DE VIDEO RTX 3060,1,289900,Aprovado
1071,2023-07-09,7,Julho,2023,IPAD PRO,2,799900,Pendente
1072,2023-07-11,7,Julho,2023,WEBCAM LOGITECH C920,3,79900,Aprovado
1073,2023-07-14,7,Julho,2023,IPHONE 13,2,459990,Aprovado
1074,2023-07-17,7,Julho,2023,FONTE CORSAIR 650W,1,59900,Aprovado
1075,2023-07-19,7,Julho,2023,NOTEBOOK DELL INSPIRON,2,429900,Cancelado
1076,2023-07-22,7,Julho,2023,MOUSE LOGITECH MX MASTER,2,69900,Aprovado
1077,2023-07-25,7,Julho,2023,SSD KINGSTON 1TB,4,34900,Aprovado
1078,2023-07-27,7,Julho,2023,SAMSUNG GALAXY S21,1,319900,Aprovado
1079,2023-07-30,7,Julho,2023,TECLADO MECÂNICO REDRAGON,2,39900,Pendente
1080,2023-08-02,8,Agosto,2023,HEADPHONE SONY WH-1000XM4,1,149900,Aprovado
1081,2023-08-04,8,Agosto,2023,"MONITOR LG 27""",1,189900,Aprovado
1082,2023-08-07,8,Agosto,2023,IPAD PRO,3,799900,Aprovado
1083,2023-08-10,8,Agosto,2023,IPHONE 13,2,459990,Cancelado
1084,2023-08-12,8,Agosto,2023,PLACA DE VIDEO RTX 3060,1,289900,Aprovado
1085,2023-08-15,8,Agosto,2023,WEBCAM LOGITECH C920,1,79900,Aprovado
1086,2023-08-18,8,Agosto,2023,SAMSUNG GALAXY S21,2,319900,Aprovado
1087,2023-08-20,8,Agosto,2023,FONTE CORSAIR 650W,3,59900,Aprovado
1088,2023-08-23,8,Agosto,2023,NOTEBOOK DELL INSPIRON,2,429900,Pendente
1089,2023-08-26,8,Agosto,2023,IPHONE 13,1,459990,Aprovado
1090,2023-08-28,8,Agosto,2023,SSD KINGSTON 1TB,2,34900,Aprovado
1091,2023-08-31,8,Agosto,2023,MOUSE LOGITECH MX MASTER,4,69900,Cancelado
1092,2023-09-03,9,Setembro,2023,IPAD PRO,1,799900,Aprovado
1093,2023-09-05,9,Setembro,2023,TECLADO MECÂNICO REDRAGON,2,39900,Aprovado
1094,2023-09-08,9,Setembro,2023,HEADPHONE SONY WH-1000XM4,2,149900,Aprovado
1095,2023-09-11,9,Setembro,2023,SAMSUNG GALAXY S21,1,319900,Aprovado
1096,2023-09-13,9,Setembro,2023,"MONITOR LG 27""",3,189900,Pendente
1097,2023-09-16,9,Setembro,2023,NOTEBOOK DELL INSPIRON,2,429900,Aprovado
1098,2023-09-19,9,Setembro,2023,PLACA DE VIDEO RTX 3060,1,289900,Aprovado
1099,2023-09-21,9,Setembro,2023,IPHONE 13,1,459990,Aprovado
1100,2023-09-24,9,Setembro,2023,WEBCAM LOGITECH C920,2,79900,Aprovado
